0,"{""lat"":31.314807557719067,""lng"":121.5165514187323,""compName"":""GeexFinance""},"
1,"{""lat"":31.190171346023895,""lng"":121.4353471760722,""compName"":""梅斯医学""},"
2,"{""lat"":31.20132024215305,""lng"":121.33132429632225,""compName"":""便利蜂""},"
3,"{""lat"":31.268794005469758,""lng"":121.49724320776184,""compName"":""眸事网""},"
4,"{""lat"":31.181235069815546,""lng"":121.42347527824899,""compName"":""竹间智能科技(上海)有限公司""},"
5,"{""lat"":31.25048561403502,""lng"":121.59882730303529,""compName"":""证通股份""},"
6,"{""lat"":31.23836357368974,""lng"":121.38870245765293,""compName"":""饿了么""},"
7,"{""lat"":31.21224316606366,""lng"":121.40533745066305,""compName"":""追一科技""},"
8,"{""lat"":31.208126240252163,""lng"":121.61054985936408,""compName"":""沪江""},"
9,"{""lat"":31.20768842245736,""lng"":121.32279015581,""compName"":""雅捷""},"
10,"{""lat"":31.08575886428764,""lng"":121.53267799417972,""compName"":""泛微""},"
11,"{""lat"":31.167934832197215,""lng"":121.56837434200956,""compName"":""萨摩耶金服""},"
12,"{""lat"":31.2389912643877,""lng"":121.52721879666329,""compName"":""平安科技""},"
13,"{""lat"":31.174197455670768,""lng"":121.40431652285774,""compName"":""悠络客                                                                        拉勾未认证企业""},"
14,"{""lat"":31.204438193903023,""lng"":121.45487127770417,""compName"":""衡道医学                                                                        拉勾未认证企业""},"
15,"{""lat"":31.314807557719067,""lng"":121.5165514187323,""compName"":""GeexFinance""},"
16,"{""lat"":31.23836357368974,""lng"":121.38870245765293,""compName"":""饿了么""},"
17,"{""lat"":31.208126240252163,""lng"":121.61054985936408,""compName"":""沪江""},"
18,"{""lat"":31.181513920386504,""lng"":121.42440440731592,""compName"":""竹间智能科技(上海)有限公司""},"
19,"{""lat"":31.23604931984768,""lng"":121.50072786778426,""compName"":""S先生""},"
20,"{""lat"":31.171882165735287,""lng"":121.44107956356541,""compName"":""上海知墨                                                                        拉勾未认证企业""},"
21,"{""lat"":31.08575886428764,""lng"":121.53267799417972,""compName"":""泛微""},"
22,"{""lat"":31.25404501828352,""lng"":121.68049169550645,""compName"":""国泰君安证券股份有限公司""},"
23,"{""lat"":31.243118001906566,""lng"":121.47957799397591,""compName"":""咪咕""},"
24,"{""lat"":31.230859960984052,""lng"":121.53917251664387,""compName"":""北风网""},"
25,"{""lat"":31.25048561403502,""lng"":121.59882730303529,""compName"":""证通股份""},"
26,"{""lat"":31.181519394733304,""lng"":121.42422433838324,""compName"":""Xmov                                                                        拉勾未认证企业""},"
27,"{""lat"":31.183709645827268,""lng"":121.61225276184815,""compName"":""麦子科技                                                                        拉勾未认证企业""},"
28,"{""lat"":31.28256410613524,""lng"":121.54828081349785,""compName"":""UCloud""},"
29,"{""lat"":31.24097346921036,""lng"":121.67746551714174,""compName"":""太平金科                                                                        拉勾未认证企业""},"
30,"{""lat"":31.208126240252163,""lng"":121.61054985936408,""compName"":""沪江""},"
31,"{""lat"":31.181513920386504,""lng"":121.42440440731592,""compName"":""竹间智能科技(上海)有限公司""},"
32,"{""lat"":31.25048561403502,""lng"":121.59882730303529,""compName"":""证通股份""},"
33,"{""lat"":31.252420534488255,""lng"":121.45922193118737,""compName"":""智慧芽""},"
34,"{""lat"":31.28550623085753,""lng"":121.63227288802003,""compName"":""上汽通用汽车有限公司                                                                        拉勾未认证企业""},"
35,"{""lat"":31.213940318078336,""lng"":121.63482804707702,""compName"":""海知智能""},"
36,"{""lat"":31.226903242563782,""lng"":121.36702506830673,""compName"":""京东                                                                        拉勾未认证企业""},"
37,"{""lat"":31.210977594913697,""lng"":121.59775915041101,""compName"":""震坤行                                                                        拉勾未认证企业""},"
38,"{""lat"":31.253822899629586,""lng"":121.49256634541236,""compName"":""通联数据""},"
39,"{""lat"":31.2389912643877,""lng"":121.52721879666329,""compName"":""平安科技""},"
40,"{""lat"":31.2846755735423,""lng"":121.19930419284466,""compName"":""地平线机器人""},"
41,"{""lat"":31.23836357368974,""lng"":121.38870245765293,""compName"":""饿了么""},"
42,"{""lat"":31.205713310877528,""lng"":121.42072205540332,""compName"":""上海索羽计算机                                                                        拉勾未认证企业""},"
43,"{""lat"":31.269407381256205,""lng"":121.52224903281922,""compName"":""信数金服""},"
44,"{""lat"":31.23604931984768,""lng"":121.50072786778426,""compName"":""S先生""},"
45,"{""lat"":31.23836357368974,""lng"":121.38870245765293,""compName"":""饿了么""},"
46,"{""lat"":31.114103173781448,""lng"":121.38559245929939,""compName"":""极熵数据""},"
47,"{""lat"":31.174197455670768,""lng"":121.40431652285774,""compName"":""悠络客                                                                        拉勾未认证企业""},"
48,"{""lat"":31.252420534488255,""lng"":121.45922193118737,""compName"":""智慧芽""},"
49,"{""lat"":31.24675531471183,""lng"":121.49422286928124,""compName"":""众安保险""},"
50,"{""lat"":31.213130259419938,""lng"":121.61675173006257,""compName"":""sankobot                                                                        拉勾未认证企业""},"
51,"{""lat"":31.240292187964563,""lng"":121.53361101919766,""compName"":""图普科技（深度学习图像识别云）""},"
52,"{""lat"":31.253822899629586,""lng"":121.49256634541236,""compName"":""翼支付                                                                        拉勾未认证企业""},"
53,"{""lat"":31.190341748237923,""lng"":121.46434034752555,""compName"":""同盾科技""},"
54,"{""lat"":31.205713310877528,""lng"":121.42072205540332,""compName"":""上海索羽计算机                                                                        拉勾未认证企业""},"
55,"{""lat"":31.204743435788725,""lng"":121.60982758310692,""compName"":""七牛云""},"
56,"{""lat"":31.243034774325526,""lng"":121.37624801589295,""compName"":""MXCHIP""},"
57,"{""lat"":31.227048345575287,""lng"":121.44184583164,""compName"":""北京亚信数据有限公司                                                                        拉勾未认证企业""},"
58,"{""lat"":31.23612334581976,""lng"":121.3557331551479,""compName"":""爱奇艺""},"
59,"{""lat"":31.227048345575287,""lng"":121.44184583164,""compName"":""北京亚信数据有限公司                                                                        拉勾未认证企业""},"
60,"{""lat"":31.237942632085932,""lng"":121.41023608010208,""compName"":""创甫物联                                                                        拉勾未认证企业""},"
61,"{""lat"":31.204743435788725,""lng"":121.60982758310692,""compName"":""七牛云""},"
62,"{""lat"":31.20886131658109,""lng"":121.32408105148674,""compName"":""广联达科技""},"
63,"{""lat"":31.181519394733304,""lng"":121.42422433838324,""compName"":""Xmov                                                                        拉勾未认证企业""},"
64,"{""lat"":31.1969942850944,""lng"":121.44550970630658,""compName"":""字节跳动""},"
65,"{""lat"":31.2389912643877,""lng"":121.52721879666329,""compName"":""平安科技""},"
66,"{""lat"":31.191139327363043,""lng"":121.44032129759628,""compName"":""Witemedia                                                                        拉勾未认证企业""},"
67,"{""lat"":31.24075144608993,""lng"":121.66365439601073,""compName"":""第四范式                                                                        拉勾未认证企业""},"
68,"{""lat"":31.183327597440623,""lng"":121.37496131272454,""compName"":""言几又•今日阅读""},"
69,"{""lat"":31.213940318078336,""lng"":121.63482804707702,""compName"":""海知智能""},"
70,"{""lat"":31.230752392762348,""lng"":121.485498386931,""compName"":""Glow""},"
71,"{""lat"":31.171019780744707,""lng"":121.40222499813886,""compName"":""味噌互动""},"
72,"{""lat"":31.185536998735323,""lng"":121.61118467030865,""compName"":""上海极值信息技术有限公司""},"
73,"{""lat"":31.205701405752656,""lng"":121.42056638624489,""compName"":""久远银海""},"
74,"{""lat"":31.227048345575287,""lng"":121.44184583164,""compName"":""北京亚信数据有限公司                                                                        拉勾未认证企业""},"
75,"{""lat"":31.1969942850944,""lng"":121.44550970630658,""compName"":""字节跳动""},"
76,"{""lat"":31.24075144608993,""lng"":121.66365439601073,""compName"":""第四范式                                                                        拉勾未认证企业""},"
77,"{""lat"":31.2389912643877,""lng"":121.52721879666329,""compName"":""平安科技""},"
78,"{""lat"":31.234210750467614,""lng"":121.43718260646645,""compName"":""乐蓓""},"
79,"{""lat"":31.191139327363043,""lng"":121.44032129759628,""compName"":""Witemedia                                                                        拉勾未认证企业""},"
80,"{""lat"":31.185536998735323,""lng"":121.61118467030865,""compName"":""上海极值信息技术有限公司""},"
81,"{""lat"":31.181235069815546,""lng"":121.42347527824899,""compName"":""竹间智能科技(上海)有限公司""},"
82,"{""lat"":31.12931162080221,""lng"":121.3700891614521,""compName"":""哈罗单车""},"
83,"{""lat"":31.32532455959392,""lng"":121.6138227402693,""compName"":""云脑科技""},"
84,"{""lat"":31.21220102027176,""lng"":121.47157973593552,""compName"":""时刻送""},"
85,"{""lat"":31.174120277837716,""lng"":121.3936206533709,""compName"":""动点科技""},"
86,"{""lat"":31.3151031062594,""lng"":121.52455489502941,""compName"":""优梦""},"
87,"{""lat"":31.170387806996885,""lng"":121.41079828309553,""compName"":""有鱼金融科技""},"
88,"{""lat"":31.20102786270906,""lng"":121.5595560002081,""compName"":""晨芽科技""},"
89,"{""lat"":31.197202015909543,""lng"":121.4449536551959,""compName"":""字节跳动""},"
90,"{""lat"":31.24075144608993,""lng"":121.66365439601073,""compName"":""第四范式                                                                        拉勾未认证企业""},"
91,"{""lat"":31.234210750467614,""lng"":121.43718260646645,""compName"":""乐蓓""},"
92,"{""lat"":31.185536998735323,""lng"":121.61118467030865,""compName"":""上海极值信息技术有限公司""},"
93,"{""lat"":31.12931162080221,""lng"":121.3700891614521,""compName"":""哈罗单车""},"
94,"{""lat"":31.170387806996885,""lng"":121.41079828309553,""compName"":""有鱼金融科技""},"
95,"{""lat"":31.224557682825164,""lng"":121.4813744639619,""compName"":""一面数据""},"
96,"{""lat"":31.28256410613524,""lng"":121.54828081349785,""compName"":""UCloud""},"
97,"{""lat"":31.204743435788725,""lng"":121.60982758310692,""compName"":""达观数据""},"
98,"{""lat"":31.268794005469758,""lng"":121.49724320776184,""compName"":""眸事网""},"
99,"{""lat"":31.255428316994568,""lng"":121.50795809168143,""compName"":""Juwai""},"
100,"{""lat"":31.31396314880938,""lng"":121.5168061963207,""compName"":""武汉佰钧成技术有限公司""},"
101,"{""lat"":31.183951225403636,""lng"":121.61230216505797,""compName"":""艾摩广告""},"
102,"{""lat"":31.20102786270906,""lng"":121.5595560002081,""compName"":""晨芽科技""},"
103,"{""lat"":31.32532455959392,""lng"":121.6138227402693,""compName"":""云脑科技""},"
104,"{""lat"":31.1969942850944,""lng"":121.44550970630658,""compName"":""字节跳动""},"
105,"{""lat"":31.24075144608993,""lng"":121.66365439601073,""compName"":""第四范式                                                                        拉勾未认证企业""},"
106,"{""lat"":31.234210750467614,""lng"":121.43718260646645,""compName"":""乐蓓""},"
107,"{""lat"":31.185536998735323,""lng"":121.61118467030865,""compName"":""上海极值信息技术有限公司""},"
108,"{""lat"":31.31396314880938,""lng"":121.5168061963207,""compName"":""武汉佰钧成技术有限公司""},"
109,"{""lat"":31.41416143544492,""lng"":121.498923670336,""compName"":""上海青客""},"
110,"{""lat"":31.238991075892653,""lng"":121.41925669094694,""compName"":""利欧数字集团""},"
111,"{""lat"":31.214600346196875,""lng"":121.52290770904628,""compName"":""丽兹行""},"
112,"{""lat"":31.17192661338663,""lng"":121.4413309094471,""compName"":""上海知墨                                                                        拉勾未认证企业""},"
113,"{""lat"":31.255428316994568,""lng"":121.50795809168143,""compName"":""Juwai""},"
114,"{""lat"":31.228146520710812,""lng"":121.36708032846849,""compName"":""快牛金科""},"
115,"{""lat"":31.23538080348789,""lng"":121.45475555700204,""compName"":""嗨住""},"
116,"{""lat"":31.170387806996885,""lng"":121.41079828309553,""compName"":""有鱼金融科技""},"
117,"{""lat"":31.19253415169164,""lng"":121.46725411643027,""compName"":""上海青客""},"
118,"{""lat"":31.24463457443524,""lng"":121.49655122652075,""compName"":""丽兹行""},"
119,"{""lat"":31.322759804442157,""lng"":121.66130595591599,""compName"":""武汉佰钧成技术有限公司""},"
120,"{""lat"":31.23164420795233,""lng"":121.39268664740334,""compName"":""利欧数字集团""},"
121,"{""lat"":31.214878755748877,""lng"":121.63283719904986,""compName"":""趣头条                                                                        拉勾未认证企业""},"
122,"{""lat"":31.12931162080221,""lng"":121.3700891614521,""compName"":""哈罗单车""},"
123,"{""lat"":31.268794005469758,""lng"":121.49724320776184,""compName"":""眸事网""},"
124,"{""lat"":31.16984728992142,""lng"":121.41046851514281,""compName"":""商汤科技""},"
125,"{""lat"":31.221423011045545,""lng"":121.39137806600424,""compName"":""eDoctor""},"
126,"{""lat"":31.204743435788725,""lng"":121.60982758310692,""compName"":""达观数据""},"
127,"{""lat"":31.17711074059888,""lng"":121.40230209610758,""compName"":""55海淘""},"
128,"{""lat"":31.23538080348789,""lng"":121.45475555700204,""compName"":""神盾信息""},"
129,"{""lat"":31.17602713302,""lng"":121.42080951352948,""compName"":""字节跳动""},"
130,"{""lat"":31.170387806996885,""lng"":121.41079828309553,""compName"":""有鱼金融科技""},"
131,"{""lat"":31.35972126389798,""lng"":121.40395668233148,""compName"":""上海青客""},"
132,"{""lat"":31.249845448728447,""lng"":121.55962181456127,""compName"":""丽兹行""},"
133,"{""lat"":31.31396314880938,""lng"":121.5168061963207,""compName"":""武汉佰钧成技术有限公司""},"
134,"{""lat"":31.268794005469758,""lng"":121.49724320776184,""compName"":""眸事网""},"
135,"{""lat"":31.20673907240176,""lng"":121.60949720340815,""compName"":""森亿智能""},"
136,"{""lat"":31.25121036163269,""lng"":121.41599211128293,""compName"":""骏嘉财通""},"
137,"{""lat"":31.241146397937918,""lng"":121.48873063747799,""compName"":""米谟科技（Mint Muse, Inc.）""},"
138,"{""lat"":31.20327881806895,""lng"":121.58795563965167,""compName"":""上海金蝶""},"
139,"{""lat"":31.183951225403636,""lng"":121.61230216505797,""compName"":""艾摩广告""},"
140,"{""lat"":31.210824699767006,""lng"":121.5918493332067,""compName"":""海深科技""},"
141,"{""lat"":31.213301496813617,""lng"":121.3876161086648,""compName"":""瞬联软件科技（北京）有限公司""},"
142,"{""lat"":31.20615195551832,""lng"":121.26999263854384,""compName"":""上海安能聚创供应链管理有限公司""},"
143,"{""lat"":31.212065394595033,""lng"":121.48423984114879,""compName"":""华尔街见闻""},"
144,"{""lat"":31.17602713302,""lng"":121.42080951352948,""compName"":""字节跳动""},"
145,"{""lat"":31.170387806996885,""lng"":121.41079828309553,""compName"":""有鱼金融科技""},"
146,"{""lat"":31.24463457443524,""lng"":121.49655122652075,""compName"":""丽兹行""},"
147,"{""lat"":31.322759804442157,""lng"":121.66130595591599,""compName"":""武汉佰钧成技术有限公司""},"
148,"{""lat"":31.272467865466805,""lng"":121.48628199679345,""compName"":""游伴伴""},"
149,"{""lat"":31.204447517505525,""lng"":121.58767865074088,""compName"":""斗象科技""},"
150,"{""lat"":31.240865686767624,""lng"":121.45615944061905,""compName"":""太合音乐（百度音乐）""},"
151,"{""lat"":31.230174483423376,""lng"":121.48517220052234,""compName"":""省广畅思""},"
152,"{""lat"":31.219004437831153,""lng"":121.25945962645612,""compName"":""圆通""},"
153,"{""lat"":31.214757102875517,""lng"":121.4091799875159,""compName"":""依图科技""},"
154,"{""lat"":31.16984728992142,""lng"":121.41046851514281,""compName"":""商汤科技""},"
155,"{""lat"":31.02851767873284,""lng"":121.45433663590872,""compName"":""物融科技                                                                        拉勾未认证企业""},"
156,"{""lat"":31.182204598335762,""lng"":121.58074436011941,""compName"":""客佳""},"
157,"{""lat"":31.209652899429813,""lng"":121.5891625912569,""compName"":""左邻""},"
158,"{""lat"":31.3151031062594,""lng"":121.52455489502941,""compName"":""优梦""},"
159,"{""lat"":31.17602713302,""lng"":121.42080951352948,""compName"":""字节跳动""},"
160,"{""lat"":31.249845448728447,""lng"":121.55962181456127,""compName"":""丽兹行""},"
161,"{""lat"":31.169614577763696,""lng"":121.41063119827065,""compName"":""有鱼金融科技""},"
162,"{""lat"":31.252420534488255,""lng"":121.45922193118737,""compName"":""智慧芽""},"
163,"{""lat"":31.22730896362263,""lng"":121.536117469435,""compName"":""鲜驰达                                                                        拉勾未认证企业""},"
164,"{""lat"":31.17662523956151,""lng"":121.41868887293239,""compName"":""上海育界科技""},"
165,"{""lat"":31.058642065048076,""lng"":121.24850997218812,""compName"":""浮石资本""},"
166,"{""lat"":31.19237312066628,""lng"":121.46531195296853,""compName"":""上海青客""},"
167,"{""lat"":31.182813813278386,""lng"":121.40645001641005,""compName"":""上海畅采""},"
168,"{""lat"":31.143680517056925,""lng"":121.35369776284543,""compName"":""弘连网络""},"
169,"{""lat"":31.25121036163269,""lng"":121.41599211128293,""compName"":""骏嘉财通""},"
170,"{""lat"":31.254321051372358,""lng"":121.68256974564268,""compName"":""招商银行信用卡中心""},"
171,"{""lat"":31.283288847590075,""lng"":121.51057622375127,""compName"":""中箴科技                                                                        拉勾未认证企业""},"
172,"{""lat"":31.16984728992142,""lng"":121.41046851514281,""compName"":""商汤科技""},"
173,"{""lat"":31.197202015909543,""lng"":121.4449536551959,""compName"":""字节跳动""},"
174,"{""lat"":31.252420534488255,""lng"":121.45922193118737,""compName"":""智慧芽""},"
175,"{""lat"":31.19237312066628,""lng"":121.46531195296853,""compName"":""上海青客""},"
176,"{""lat"":31.182813813278386,""lng"":121.40645001641005,""compName"":""上海畅采""},"
177,"{""lat"":31.17662523956151,""lng"":121.41868887293239,""compName"":""上海育界科技""},"
178,"{""lat"":31.2846755735423,""lng"":121.19930419284466,""compName"":""地平线机器人""},"
179,"{""lat"":31.19237312066628,""lng"":121.46531195296853,""compName"":""指点无限""},"
180,"{""lat"":31.163866714097114,""lng"":121.43878501461482,""compName"":""自如网""},"
181,"{""lat"":31.212015021113636,""lng"":121.48470041675664,""compName"":""华尔街见闻""},"
182,"{""lat"":31.219625265275152,""lng"":121.54160252198061,""compName"":""金大师""},"
183,"{""lat"":31.210824699767006,""lng"":121.5918493332067,""compName"":""即构科技""},"
184,"{""lat"":31.214757102875517,""lng"":121.4091799875159,""compName"":""依图科技""},"
185,"{""lat"":31.227833923733225,""lng"":121.42657083813806,""compName"":""衡泰软件""},"
186,"{""lat"":31.191139327363043,""lng"":121.44032129759628,""compName"":""字节跳动""},"
187,"{""lat"":31.249845448728447,""lng"":121.55962181456127,""compName"":""丽兹行""},"
188,"{""lat"":31.144152387564034,""lng"":121.74002545589141,""compName"":""武汉佰钧成技术有限公司""},"
189,"{""lat"":31.19237312066628,""lng"":121.46531195296853,""compName"":""上海青客""},"
190,"{""lat"":31.214757102875517,""lng"":121.4091799875159,""compName"":""依图科技""},"
191,"{""lat"":31.221202479884095,""lng"":121.43900489644771,""compName"":""CareerFrog职业蛙""},"
192,"{""lat"":31.2846755735423,""lng"":121.19930419284466,""compName"":""地平线机器人""},"
193,"{""lat"":31.230859960984052,""lng"":121.53917251664387,""compName"":""焱璟                                                                        拉勾未认证企业""},"
194,"{""lat"":34.347032664394796,""lng"":118.31962639994161,""compName"":""个推""},"
195,"{""lat"":31.212015021113636,""lng"":121.48470041675664,""compName"":""华尔街见闻""},"
196,"{""lat"":31.25121036163269,""lng"":121.41599211128293,""compName"":""骏嘉财通""},"
197,"{""lat"":31.176866134895995,""lng"":121.57319952986994,""compName"":""两鲜""},"
198,"{""lat"":31.058642065048076,""lng"":121.24850997218812,""compName"":""浮石资本""},"
199,"{""lat"":31.212061285347687,""lng"":121.4106525447045,""compName"":""51社保网""},"
200,"{""lat"":31.259036889111243,""lng"":121.49226377545556,""compName"":""特赞|Tezign""},"
201,"{""lat"":31.208952883745123,""lng"":121.48852910802667,""compName"":""字节跳动""},"
202,"{""lat"":31.249845448728447,""lng"":121.55962181456127,""compName"":""丽兹行""},"
203,"{""lat"":31.230859960984052,""lng"":121.53917251664387,""compName"":""焱璟                                                                        拉勾未认证企业""},"
204,"{""lat"":31.205990996313957,""lng"":121.58712588922499,""compName"":""阅文集团""},"
205,"{""lat"":31.2344343806696,""lng"":121.40605831119073,""compName"":""利欧数字集团""},"
206,"{""lat"":31.272467865466805,""lng"":121.48628199679345,""compName"":""游伴伴""},"
207,"{""lat"":31.170387806996885,""lng"":121.41079828309553,""compName"":""有鱼金融科技""},"
208,"{""lat"":31.16707764281051,""lng"":121.43719621220173,""compName"":""好食期&爱抢购""},"
209,"{""lat"":31.214600346196875,""lng"":121.52290770904628,""compName"":""衡泰软件""},"
210,"{""lat"":31.31338313292139,""lng"":121.51677887058574,""compName"":""贝致""},"
211,"{""lat"":31.217911164944837,""lng"":121.43735996700805,""compName"":""彪洋科技""},"
212,"{""lat"":31.30635741989294,""lng"":121.52492715462934,""compName"":""UniCareer职优你""},"
213,"{""lat"":31.2846755735423,""lng"":121.19930419284466,""compName"":""地平线机器人""},"
214,"{""lat"":31.208620606180546,""lng"":121.46435421646432,""compName"":""首格网络""},"
215,"{""lat"":31.208952883745123,""lng"":121.48852910802667,""compName"":""字节跳动""},"
216,"{""lat"":31.214600346196875,""lng"":121.52290770904628,""compName"":""丽兹行""},"
217,"{""lat"":31.253122852610353,""lng"":121.45882660400025,""compName"":""吉杉文化                                                                        拉勾未认证企业""},"
218,"{""lat"":31.178354317962444,""lng"":121.40661717579427,""compName"":""那镁克""},"
219,"{""lat"":31.284777879877193,""lng"":121.43284190917272,""compName"":""有赞""},"
220,"{""lat"":31.23538080348789,""lng"":121.45475555700204,""compName"":""搜股""},"
221,"{""lat"":31.22682423583856,""lng"":121.48087218272413,""compName"":""穷游网""},"
222,"{""lat"":31.093540565622746,""lng"":121.39670126455799,""compName"":""蜂雀网络""},"
223,"{""lat"":31.20656086147428,""lng"":121.18719926199589,""compName"":""申通快递""},"
224,"{""lat"":31.243353678488763,""lng"":121.49098468632467,""compName"":""Symbio-Freeborders""},"
225,"{""lat"":31.314807557719067,""lng"":121.5165514187323,""compName"":""GeexFinance""},"
226,"{""lat"":31.221202479884095,""lng"":121.43900489644771,""compName"":""CareerFrog职业蛙""},"
227,"{""lat"":31.30635741989294,""lng"":121.52492715462934,""compName"":""UniCareer职优你""},"
228,"{""lat"":31.16984728992142,""lng"":121.41046851514281,""compName"":""Shopee""},"
229,"{""lat"":31.163866714097114,""lng"":121.43878501461482,""compName"":""自如网""},"
230,"{""lat"":31.208952883745123,""lng"":121.48852910802667,""compName"":""字节跳动""},"
231,"{""lat"":31.249845448728447,""lng"":121.55962181456127,""compName"":""丽兹行""},"
232,"{""lat"":31.178998016085846,""lng"":121.46801593879088,""compName"":""商汤科技""},"
233,"{""lat"":31.23538080348789,""lng"":121.45475555700204,""compName"":""搜股""},"
234,"{""lat"":31.219625265275152,""lng"":121.54160252198061,""compName"":""金大师""},"
235,"{""lat"":31.227765973483283,""lng"":121.3580450225304,""compName"":""飞常准""},"
236,"{""lat"":31.20673907240176,""lng"":121.60949720340815,""compName"":""森亿智能""},"
237,"{""lat"":31.264284836095637,""lng"":121.49567602666404,""compName"":""TutorABC英语""},"
238,"{""lat"":31.176866134895995,""lng"":121.57319952986994,""compName"":""两鲜""},"
239,"{""lat"":31.25048561403502,""lng"":121.59882730303529,""compName"":""证通股份""},"
240,"{""lat"":31.20656086147428,""lng"":121.18719926199589,""compName"":""申通快递""},"
241,"{""lat"":31.23136906483306,""lng"":121.54353771548989,""compName"":""丽兹行""},"
242,"{""lat"":31.212061285347687,""lng"":121.4106525447045,""compName"":""51社保网""},"
243,"{""lat"":31.0282369626667,""lng"":121.45938557999366,""compName"":""物融科技                                                                        拉勾未认证企业""},"
244,"{""lat"":31.222567429554214,""lng"":121.46019445290199,""compName"":""特赞|Tezign""},"
245,"{""lat"":31.247422043397687,""lng"":121.44883860284848,""compName"":""竞界科技                                                                        拉勾未认证企业""},"
246,"{""lat"":31.27659348515039,""lng"":121.48507334918742,""compName"":""武汉佰钧成技术有限公司""},"
247,"{""lat"":31.30635741989294,""lng"":121.52492715462934,""compName"":""UniCareer职优你""},"
248,"{""lat"":31.177650763418228,""lng"":121.40694860740878,""compName"":""鲸鱼智能                                                                        拉勾未认证企业""},"
249,"{""lat"":31.237327414903067,""lng"":121.47261740995215,""compName"":""西多                                                                        拉勾未认证企业""},"
250,"{""lat"":31.178998016085846,""lng"":121.46801593879088,""compName"":""商汤科技""},"
251,"{""lat"":31.234796483167152,""lng"":121.53346433039941,""compName"":""Wise2c""},"
252,"{""lat"":31.176471763115952,""lng"":121.40464524967437,""compName"":""上海钜策""},"
253,"{""lat"":31.23538080348789,""lng"":121.45475555700204,""compName"":""友好速搭""},"
254,"{""lat"":31.231913875309985,""lng"":121.45627222916396,""compName"":""Gridsum 国双""},"
255,"{""lat"":31.260972133321154,""lng"":121.61866638112146,""compName"":""赐云网络""},"
256,"{""lat"":31.23136906483306,""lng"":121.54353771548989,""compName"":""丽兹行""},"
257,"{""lat"":31.23538080348789,""lng"":121.45475555700204,""compName"":""华院数据""},"
258,"{""lat"":31.244568142130277,""lng"":121.44181660886345,""compName"":""中移在线服务有限公司""},"
259,"{""lat"":31.169152089592195,""lng"":121.44623500472937,""compName"":""柏睿数据""},"
260,"{""lat"":31.210824699767006,""lng"":121.5918493332067,""compName"":""海深科技""},"
261,"{""lat"":31.163866714097114,""lng"":121.43878501461482,""compName"":""自如网""},"
262,"{""lat"":31.312988303639866,""lng"":121.5186522525912,""compName"":""溢唐数据""},"
263,"{""lat"":31.248279036770633,""lng"":121.45274487268064,""compName"":""一楼租房                                                                        拉勾未认证企业""},"
264,"{""lat"":31.234210750467614,""lng"":121.43718260646645,""compName"":""乐蓓""},"
265,"{""lat"":31.232035563162935,""lng"":121.66399848115665,""compName"":""鲜驰达                                                                        拉勾未认证企业""},"
266,"{""lat"":31.27761883236465,""lng"":121.54164872812113,""compName"":""独立日                                                                        拉勾未认证企业""},"
267,"{""lat"":31.174719428823572,""lng"":121.4401630955775,""compName"":""厦门鹅卵石网络科技有限公司""},"
268,"{""lat"":31.30635741989294,""lng"":121.52492715462934,""compName"":""UniCareer职优你""},"
269,"{""lat"":31.230953619778557,""lng"":121.43306539833105,""compName"":""慧承文化                                                                        拉勾未认证企业""},"
270,"{""lat"":31.25888850774239,""lng"":121.49333421157246,""compName"":""有米科技""},"
271,"{""lat"":31.23136906483306,""lng"":121.54353771548989,""compName"":""丽兹行""},"
272,"{""lat"":31.30635741989294,""lng"":121.52492715462934,""compName"":""UniCareer职优你""},"
273,"{""lat"":31.285797752171288,""lng"":121.54642654473874,""compName"":""阿里体育""},"
274,"{""lat"":31.21145127920194,""lng"":121.4659764367407,""compName"":""REnextop""},"
275,"{""lat"":31.231182465743412,""lng"":121.45647172844482,""compName"":""WISH CHINA                                                                        拉勾未认证企业""},"
276,"{""lat"":31.221202479884095,""lng"":121.43900489644771,""compName"":""CareerFrog职业蛙""},"
277,"{""lat"":31.24097346921036,""lng"":121.67746551714174,""compName"":""上海恒格信息""},"
278,"{""lat"":31.174719428823572,""lng"":121.4401630955775,""compName"":""有鱼金融科技""},"
279,"{""lat"":31.317368163472278,""lng"":121.49499903668256,""compName"":""世纪超星""},"
280,"{""lat"":31.23760918876815,""lng"":121.47717354135459,""compName"":""热云数据""},"
281,"{""lat"":31.176866134895995,""lng"":121.57319952986994,""compName"":""两鲜""},"
282,"{""lat"":31.195992965291545,""lng"":121.61321257433639,""compName"":""惠尔丰/Verifone""},"
283,"{""lat"":31.214600346196875,""lng"":121.52290770904628,""compName"":""衡泰软件""},"
284,"{""lat"":31.208126240252163,""lng"":121.61054985936408,""compName"":""沪江""},"
285,"{""lat"":31.275263164147482,""lng"":121.5748625026741,""compName"":""上汽云计算中心                                                                        拉勾未认证企业""},"
286,"{""lat"":31.259036889111243,""lng"":121.49226377545556,""compName"":""特赞|Tezign""},"
287,"{""lat"":31.214757102875517,""lng"":121.4091799875159,""compName"":""泰为""},"
288,"{""lat"":31.163866714097114,""lng"":121.43878501461482,""compName"":""自如网""},"
289,"{""lat"":31.41100123188816,""lng"":121.48967756736693,""compName"":""乐博乐博教育培训                                                                        拉勾未认证企业""},"
290,"{""lat"":31.214757102875517,""lng"":121.4091799875159,""compName"":""依图科技""},"
291,"{""lat"":31.221202479884095,""lng"":121.43900489644771,""compName"":""CareerFrog职业蛙""},"
292,"{""lat"":31.24057808314718,""lng"":121.47261984795331,""compName"":""健客网""},"
293,"{""lat"":31.187580404054902,""lng"":121.38053845595782,""compName"":""赳赳智慧                                                                        拉勾未认证企业""},"
294,"{""lat"":31.30635741989294,""lng"":121.52492715462934,""compName"":""UniCareer职优你""},"
295,"{""lat"":31.16984728992142,""lng"":121.41046851514281,""compName"":""商汤科技""},"
296,"{""lat"":31.230859960984052,""lng"":121.53917251664387,""compName"":""焱璟                                                                        拉勾未认证企业""},"
297,"{""lat"":31.204743435788725,""lng"":121.60982758310692,""compName"":""达观数据""},"
298,"{""lat"":31.22667521717989,""lng"":121.48015758069094,""compName"":""妮素股份""},"
299,"{""lat"":31.214600346196875,""lng"":121.52290770904628,""compName"":""丽兹行""},"
300,"{""lat"":31.259036889111243,""lng"":121.49226377545556,""compName"":""特赞|Tezign""},"
301,"{""lat"":31.230859960984052,""lng"":121.53917251664387,""compName"":""焱璟                                                                        拉勾未认证企业""},"
302,"{""lat"":31.23538080348789,""lng"":121.45475555700204,""compName"":""华院数据""},"
303,"{""lat"":31.314807557719067,""lng"":121.5165514187323,""compName"":""GeexFinance""},"
304,"{""lat"":31.246410210915514,""lng"":121.54854127268895,""compName"":""兽耳科技""},"
305,"{""lat"":31.193310407151365,""lng"":121.42277692117266,""compName"":""迷你考拉                                                                        拉勾未认证企业""},"
306,"{""lat"":31.23697047134693,""lng"":121.4199624671285,""compName"":""星之路                                                                        拉勾未认证企业""},"
307,"{""lat"":31.36433805543363,""lng"":121.25101353755592,""compName"":""北京市神通恒安无损检测技术有限公司                                                                        拉勾未认证企业""},"
308,"{""lat"":31.219625265275152,""lng"":121.54160252198061,""compName"":""金大师""},"
309,"{""lat"":31.036836622197246,""lng"":121.23757482824901,""compName"":""无锡田信新材料科技有限公司                                                                        拉勾未认证企业""},"
310,"{""lat"":31.31258308146269,""lng"":121.517762896899,""compName"":""学霸君""},"
311,"{""lat"":31.217911164944837,""lng"":121.43735996700805,""compName"":""彪洋科技""},"
312,"{""lat"":31.19439889746693,""lng"":121.51732830837125,""compName"":""沙克家具                                                                        拉勾未认证企业""},"
313,"{""lat"":31.359532495108592,""lng"":121.43979568466952,""compName"":""福乐康                                                                        拉勾未认证企业""},"
314,"{""lat"":31.214600346196875,""lng"":121.52290770904628,""compName"":""丽兹行""},"
315,"{""lat"":31.246410210915514,""lng"":121.54854127268895,""compName"":""兽耳科技""},"
316,"{""lat"":31.20598905788296,""lng"":121.60832430386988,""compName"":""CLPS""},"
317,"{""lat"":31.181513920386504,""lng"":121.42440440731592,""compName"":""电魂网络""},"
318,"{""lat"":31.247422043397687,""lng"":121.44883860284848,""compName"":""竞界科技                                                                        拉勾未认证企业""},"
319,"{""lat"":31.254321051372358,""lng"":121.68256974564268,""compName"":""招商银行信用卡中心""},"
320,"{""lat"":31.30635741989294,""lng"":121.52492715462934,""compName"":""UniCareer职优你""},"
321,"{""lat"":31.293645197816517,""lng"":121.16758147877718,""compName"":""沃尔得国际英语安亭中心                                                                        拉勾未认证企业""},"
322,"{""lat"":31.23697047134693,""lng"":121.4199624671285,""compName"":""星之路                                                                        拉勾未认证企业""},"
323,"{""lat"":31.28249722898657,""lng"":121.49191854079479,""compName"":""北京市神通恒安无损检测技术有限公司                                                                        拉勾未认证企业""},"
324,"{""lat"":31.182967587509708,""lng"":121.4171277230578,""compName"":""中国平安综合金融集团                                                                        拉勾未认证企业""},"
325,"{""lat"":31.176866134895995,""lng"":121.57319952986994,""compName"":""两鲜""},"
326,"{""lat"":31.20656086147428,""lng"":121.18719926199589,""compName"":""申通快递""},"
327,"{""lat"":31.211862369177485,""lng"":121.590894809043,""compName"":""联想集团""},"
328,"{""lat"":31.21069527779121,""lng"":121.46687972155812,""compName"":""上海畅致文化传播有限公司                                                                        拉勾未认证企业""},"
329,"{""lat"":31.214600346196875,""lng"":121.52290770904628,""compName"":""丽兹行""},"
330,"{""lat"":31.254321051372358,""lng"":121.68256974564268,""compName"":""招商银行信用卡中心""},"
331,"{""lat"":31.23709417570493,""lng"":121.47256851608154,""compName"":""销售易""},"
332,"{""lat"":31.208126240252163,""lng"":121.61054985936408,""compName"":""斑马旅游""},"
333,"{""lat"":31.174719428823572,""lng"":121.4401630955775,""compName"":""有鱼金融科技""},"
334,"{""lat"":31.210824699767006,""lng"":121.5918493332067,""compName"":""海深科技""},"
335,"{""lat"":31.17634560768403,""lng"":121.4169746203582,""compName"":""星环科技""},"
336,"{""lat"":31.17711074059888,""lng"":121.40230209610758,""compName"":""55海淘""},"
337,"{""lat"":31.198420817224697,""lng"":121.44632128850431,""compName"":""Udacity""},"
338,"{""lat"":31.243353678488763,""lng"":121.49098468632467,""compName"":""Symbio-Freeborders""},"
339,"{""lat"":31.25404501828352,""lng"":121.68049169550645,""compName"":""国泰君安证券股份有限公司""},"
340,"{""lat"":31.171019780744707,""lng"":121.40222499813886,""compName"":""味噌互动""},"
341,"{""lat"":31.246410210915514,""lng"":121.54854127268895,""compName"":""兽耳科技""},"
342,"{""lat"":31.194427729013544,""lng"":121.51697278420296,""compName"":""火猫直播                                                                        拉勾未认证企业""},"
343,"{""lat"":31.21548794980183,""lng"":121.42048969610688,""compName"":""彩贝壳""},"
344,"{""lat"":31.214600346196875,""lng"":121.52290770904628,""compName"":""丽兹行""},"
345,"{""lat"":31.208126240252163,""lng"":121.61054985936408,""compName"":""斑马旅游""},"
346,"{""lat"":31.170387806996885,""lng"":121.41079828309553,""compName"":""有鱼金融科技""},"
347,"{""lat"":31.243353678488763,""lng"":121.49098468632467,""compName"":""Symbio-Freeborders""},"
348,"{""lat"":31.17634560768403,""lng"":121.4169746203582,""compName"":""星环科技""},"
349,"{""lat"":31.25987612765179,""lng"":121.5148551131378,""compName"":""北京市神通恒安无损检测技术有限公司                                                                        拉勾未认证企业""},"
350,"{""lat"":31.22730896362263,""lng"":121.536117469435,""compName"":""鲜驰达                                                                        拉勾未认证企业""},"
351,"{""lat"":31.254321051372358,""lng"":121.68256974564268,""compName"":""招商银行信用卡中心""},"
352,"{""lat"":31.10675087594826,""lng"":121.45082911221446,""compName"":""星星网""},"
353,"{""lat"":30.90416399212516,""lng"":121.92613818805968,""compName"":""主线科技                                                                        拉勾未认证企业""},"
354,"{""lat"":31.265401274197806,""lng"":121.47123958806264,""compName"":""杭州溥弛                                                                        拉勾未认证企业""},"
355,"{""lat"":31.221202479884095,""lng"":121.43900489644771,""compName"":""CareerFrog职业蛙""},"
356,"{""lat"":31.205990996313957,""lng"":121.58712588922499,""compName"":""阅文集团""},"
357,"{""lat"":31.2360655290006,""lng"":121.52936063188056,""compName"":""裕宁科技                                                                        拉勾未认证企业""},"
358,"{""lat"":31.212015021113636,""lng"":121.48470041675664,""compName"":""华尔街见闻""},"
359,"{""lat"":31.208126240252163,""lng"":121.61054985936408,""compName"":""斑马旅游""},"
360,"{""lat"":31.1967417794055,""lng"":121.59521473508792,""compName"":""掌数科技                                                                        拉勾未认证企业""},"
361,"{""lat"":31.22098572437784,""lng"":121.4455347207282,""compName"":""美妆心得""},"
362,"{""lat"":31.243353678488763,""lng"":121.49098468632467,""compName"":""Symbio-Freeborders""},"
363,"{""lat"":31.187106117434123,""lng"":121.49287636771165,""compName"":""奥可纳软件技术(上海）有限公司""},"
364,"{""lat"":31.17634560768403,""lng"":121.4169746203582,""compName"":""星环科技""},"
365,"{""lat"":31.32532455959392,""lng"":121.6138227402693,""compName"":""上海中软华腾软件系统有限公司""},"
366,"{""lat"":31.27290077715412,""lng"":121.40368145769273,""compName"":""菜花传媒                                                                        拉勾未认证企业""},"
367,"{""lat"":31.201373512188724,""lng"":121.43861353617773,""compName"":""稿定（厦门）科技有限公...""},"
368,"{""lat"":31.253822899629586,""lng"":121.49256634541236,""compName"":""设计院""},"
369,"{""lat"":31.218955600145797,""lng"":121.54195537907985,""compName"":""金杉数金                                                                        拉勾未认证企业""},"
370,"{""lat"":31.254477715962665,""lng"":121.45785418020094,""compName"":""中国婚博会""},"
371,"{""lat"":31.246410210915514,""lng"":121.54854127268895,""compName"":""兽耳科技""},"
372,"{""lat"":31.208233322316445,""lng"":121.6104135989945,""compName"":""沪江""},"
373,"{""lat"":31.214600346196875,""lng"":121.52290770904628,""compName"":""丽兹行""},"
374,"{""lat"":31.208126240252163,""lng"":121.61054985936408,""compName"":""斑马旅游""},"
375,"{""lat"":31.187106117434123,""lng"":121.49287636771165,""compName"":""奥可纳软件技术(上海）有限公司""},"
376,"{""lat"":31.23538080348789,""lng"":121.45475555700204,""compName"":""泽之商贸                                                                        拉勾未认证企业""},"
377,"{""lat"":31.20673907240176,""lng"":121.60949720340815,""compName"":""森亿智能""},"
378,"{""lat"":31.266020086279877,""lng"":121.48373952499516,""compName"":""KurzKurzDesign""},"
379,"{""lat"":31.23538080348789,""lng"":121.45475555700204,""compName"":""嗨住""},"
380,"{""lat"":31.18691857416384,""lng"":121.1914506796694,""compName"":""申通快递""},"
381,"{""lat"":31.221202479884095,""lng"":121.43900489644771,""compName"":""CareerFrog职业蛙""},"
382,"{""lat"":31.17634560768403,""lng"":121.4169746203582,""compName"":""星环科技""},"
383,"{""lat"":31.16905830135548,""lng"":121.39400825872387,""compName"":""钱包生活""},"
384,"{""lat"":31.210824699767006,""lng"":121.5918493332067,""compName"":""联想集团""},"
385,"{""lat"":31.200208369797128,""lng"":121.44348142229559,""compName"":""明芳文化传播有限公司                                                                        拉勾未认证企业""},"
386,"{""lat"":31.16984728992142,""lng"":121.41046851514281,""compName"":""Shopee""},"
387,"{""lat"":31.202659379584404,""lng"":121.41869543685075,""compName"":""悟空找房""},"
388,"{""lat"":31.249845448728447,""lng"":121.55962181456127,""compName"":""丽兹行""},"
389,"{""lat"":31.24463457443524,""lng"":121.49655122652075,""compName"":""明芳文化传播有限公司                                                                        拉勾未认证企业""},"
390,"{""lat"":31.232710168983697,""lng"":121.45534535484384,""compName"":""阅面科技-ReadSense""},"
391,"{""lat"":31.189637537238966,""lng"":121.48245808989857,""compName"":""群星金融""},"
392,"{""lat"":31.225774072446796,""lng"":121.43806958075074,""compName"":""个推""},"
393,"{""lat"":31.31258308146269,""lng"":121.517762896899,""compName"":""学霸君""},"
394,"{""lat"":31.25888850774239,""lng"":121.49333421157246,""compName"":""有米科技""},"
395,"{""lat"":31.16707764281051,""lng"":121.43719621220173,""compName"":""好食期&爱抢购""},"
396,"{""lat"":31.21069527779121,""lng"":121.46687972155812,""compName"":""上海畅致文化传播有限公司                                                                        拉勾未认证企业""},"
397,"{""lat"":31.144678878531117,""lng"":121.57099300998769,""compName"":""上海宇忠                                                                        拉勾未认证企业""},"
398,"{""lat"":31.275263164147482,""lng"":121.5748625026741,""compName"":""上汽云计算中心                                                                        拉勾未认证企业""},"
399,"{""lat"":31.10276513201186,""lng"":121.5139554694187,""compName"":""上海头条""},"
400,"{""lat"":31.282343968822236,""lng"":121.54849229258102,""compName"":""UCloud""},"
401,"{""lat"":31.20656086147428,""lng"":121.18719926199589,""compName"":""申通快递""},"
402,"{""lat"":31.227203440768868,""lng"":121.49607206403445,""compName"":""丽兹行""},"
403,"{""lat"":31.10276513201186,""lng"":121.5139554694187,""compName"":""上海头条""},"
404,"{""lat"":31.24463457443524,""lng"":121.49655122652075,""compName"":""明芳文化传播有限公司                                                                        拉勾未认证企业""},"
405,"{""lat"":31.236904128200703,""lng"":121.4337480413491,""compName"":""裕宁科技                                                                        拉勾未认证企业""},"
406,"{""lat"":31.214181508943156,""lng"":121.59174496447932,""compName"":""联想集团""},"
407,"{""lat"":31.23538080348789,""lng"":121.45475555700204,""compName"":""华院数据""},"
408,"{""lat"":31.243353678488763,""lng"":121.49098468632467,""compName"":""Symbio-Freeborders""},"
409,"{""lat"":31.181513920386504,""lng"":121.42440440731592,""compName"":""电魂网络""},"
410,"{""lat"":31.2546278684975,""lng"":121.67946599500395,""compName"":""百得思维                                                                        拉勾未认证企业""},"
411,"{""lat"":31.23709417570493,""lng"":121.47256851608154,""compName"":""销售易""},"
412,"{""lat"":31.178305508282275,""lng"":121.40873289906699,""compName"":""驰骛科技ChiefClouds                                                                        拉勾未认证企业""},"
413,"{""lat"":31.236435784186607,""lng"":121.46986344600444,""compName"":""上海链家                                                                        拉勾未认证企业""},"
414,"{""lat"":31.25018748824325,""lng"":121.45080764361107,""compName"":""海风教育""},"
415,"{""lat"":31.25121036163269,""lng"":121.41599211128293,""compName"":""骏嘉财通""},"
416,"{""lat"":31.21317293538137,""lng"":121.6184621729231,""compName"":""易乎社区""},"
417,"{""lat"":31.28550623085753,""lng"":121.63227288802003,""compName"":""上汽通用汽车有限公司                                                                        拉勾未认证企业""},"
418,"{""lat"":31.230259971398542,""lng"":121.33854576174069,""compName"":""贴近Closer                                                                        拉勾未认证企业""},"
419,"{""lat"":31.215612158780182,""lng"":121.55648780090823,""compName"":""上海青客""},"
420,"{""lat"":31.12848552918404,""lng"":121.37054975861929,""compName"":""哈罗单车""},"
421,"{""lat"":30.91779155870976,""lng"":121.46237674779942,""compName"":""上海青客""},"
422,"{""lat"":31.170387806996885,""lng"":121.41079828309553,""compName"":""有鱼金融科技""},"
423,"{""lat"":31.074013019743116,""lng"":121.40748694932464,""compName"":""上海青客""},"
424,"{""lat"":31.214600346196875,""lng"":121.52290770904628,""compName"":""丽兹行""},"
425,"{""lat"":31.238991075892653,""lng"":121.41925669094694,""compName"":""利欧数字集团""},"
426,"{""lat"":31.17602713302,""lng"":121.42080951352948,""compName"":""字节跳动""},"
427,"{""lat"":31.074013019743116,""lng"":121.40748694932464,""compName"":""上海青客""},"
428,"{""lat"":31.214600346196875,""lng"":121.52290770904628,""compName"":""丽兹行""},"
